"filename", "language", "TypeScript", "XML", "HTML", "JavaScript", "SCSS", "CSS", "JSON", "JSON with Comments", "Markdown", "comment", "blank", "total"
"/Users/emirhaneyidogan/Projeler/unilocked-website/README.md", "Markdown", 0, 0, 0, 0, 0, 0, 0, 0, 14, 0, 16, 30
"/Users/emirhaneyidogan/Projeler/unilocked-website/angular.json", "JSON", 0, 0, 0, 0, 0, 0, 114, 0, 0, 0, 1, 115
"/Users/emirhaneyidogan/Projeler/unilocked-website/karma.conf.js", "JavaScript", 0, 0, 0, 37, 0, 0, 0, 0, 0, 6, 2, 45
"/Users/emirhaneyidogan/Projeler/unilocked-website/package-lock.json", "JSON", 0, 0, 0, 0, 0, 0, 12110, 0, 0, 0, 1, 12111
"/Users/emirhaneyidogan/Projeler/unilocked-website/package.json", "JSON", 0, 0, 0, 0, 0, 0, 44, 0, 0, 0, 1, 45
"/Users/emirhaneyidogan/Projeler/unilocked-website/proxy.conf.json", "JSON", 0, 0, 0, 0, 0, 0, 7, 0, 0, 0, 1, 8
"/Users/emirhaneyidogan/Projeler/unilocked-website/src/app/admin/admin-home/admin-home.component.html", "HTML", 0, 0, 655, 0, 0, 0, 0, 0, 0, 0, 12, 667
"/Users/emirhaneyidogan/Projeler/unilocked-website/src/app/admin/admin-home/admin-home.component.scss", "SCSS", 0, 0, 0, 0, 410, 0, 0, 0, 0, 0, 50, 460
"/Users/emirhaneyidogan/Projeler/unilocked-website/src/app/admin/admin-home/admin-home.component.spec.ts", "TypeScript", 18, 0, 0, 0, 0, 0, 0, 0, 0, 0, 6, 24
"/Users/emirhaneyidogan/Projeler/unilocked-website/src/app/admin/admin-home/admin-home.component.ts", "TypeScript", 108, 0, 0, 0, 0, 0, 0, 0, 0, 0, 13, 121
"/Users/emirhaneyidogan/Projeler/unilocked-website/src/app/admin/admin-routing.module.ts", "TypeScript", 41, 0, 0, 0, 0, 0, 0, 0, 0, 0, 3, 44
"/Users/emirhaneyidogan/Projeler/unilocked-website/src/app/admin/admin.module.ts", "TypeScript", 51, 0, 0, 0, 0, 0, 0, 0, 0, 0, 4, 55
"/Users/emirhaneyidogan/Projeler/unilocked-website/src/app/admin/components/admin-menu/admin-menu.component.html", "HTML", 0, 0, 45, 0, 0, 0, 0, 0, 0, 0, 5, 50
"/Users/emirhaneyidogan/Projeler/unilocked-website/src/app/admin/components/admin-menu/admin-menu.component.scss", "SCSS", 0, 0, 0, 0, 61, 0, 0, 0, 0, 0, 14, 75
"/Users/emirhaneyidogan/Projeler/unilocked-website/src/app/admin/components/admin-menu/admin-menu.component.spec.ts", "TypeScript", 18, 0, 0, 0, 0, 0, 0, 0, 0, 0, 6, 24
"/Users/emirhaneyidogan/Projeler/unilocked-website/src/app/admin/components/admin-menu/admin-menu.component.ts", "TypeScript", 128, 0, 0, 0, 0, 0, 0, 0, 0, 0, 8, 136
"/Users/emirhaneyidogan/Projeler/unilocked-website/src/app/admin/content-editing/content-editing.component.html", "HTML", 0, 0, 468, 0, 0, 0, 0, 0, 0, 0, 24, 492
"/Users/emirhaneyidogan/Projeler/unilocked-website/src/app/admin/content-editing/content-editing.component.scss", "SCSS", 0, 0, 0, 0, 257, 0, 0, 0, 0, 0, 36, 293
"/Users/emirhaneyidogan/Projeler/unilocked-website/src/app/admin/content-editing/content-editing.component.spec.ts", "TypeScript", 18, 0, 0, 0, 0, 0, 0, 0, 0, 0, 6, 24
"/Users/emirhaneyidogan/Projeler/unilocked-website/src/app/admin/content-editing/content-editing.component.ts", "TypeScript", 12, 0, 0, 0, 0, 0, 0, 0, 0, 0, 7, 19
"/Users/emirhaneyidogan/Projeler/unilocked-website/src/app/admin/content-publishing-hub/content-publishing-hub.component.html", "HTML", 0, 0, 2404, 0, 0, 0, 0, 0, 0, 0, 46, 2450
"/Users/emirhaneyidogan/Projeler/unilocked-website/src/app/admin/content-publishing-hub/content-publishing-hub.component.scss", "SCSS", 0, 0, 0, 0, 369, 0, 0, 0, 0, 0, 53, 422
"/Users/emirhaneyidogan/Projeler/unilocked-website/src/app/admin/content-publishing-hub/content-publishing-hub.component.spec.ts", "TypeScript", 18, 0, 0, 0, 0, 0, 0, 0, 0, 0, 6, 24
"/Users/emirhaneyidogan/Projeler/unilocked-website/src/app/admin/content-publishing-hub/content-publishing-hub.component.ts", "TypeScript", 47, 0, 0, 0, 0, 0, 0, 0, 0, 6, 9, 62
"/Users/emirhaneyidogan/Projeler/unilocked-website/src/app/admin/models/menu-item.ts", "TypeScript", 7, 0, 0, 0, 0, 0, 0, 0, 0, 0, 0, 7
"/Users/emirhaneyidogan/Projeler/unilocked-website/src/app/admin/partnership-platform/partnership-platform.component.html", "HTML", 0, 0, 388, 0, 0, 0, 0, 0, 0, 0, 13, 401
"/Users/emirhaneyidogan/Projeler/unilocked-website/src/app/admin/partnership-platform/partnership-platform.component.scss", "SCSS", 0, 0, 0, 0, 293, 0, 0, 0, 0, 0, 41, 334
"/Users/emirhaneyidogan/Projeler/unilocked-website/src/app/admin/partnership-platform/partnership-platform.component.spec.ts", "TypeScript", 18, 0, 0, 0, 0, 0, 0, 0, 0, 0, 6, 24
"/Users/emirhaneyidogan/Projeler/unilocked-website/src/app/admin/partnership-platform/partnership-platform.component.ts", "TypeScript", 283, 0, 0, 0, 0, 0, 0, 0, 0, 0, 14, 297
"/Users/emirhaneyidogan/Projeler/unilocked-website/src/app/admin/profile-editing/profile-editing.component.html", "HTML", 0, 0, 574, 0, 0, 0, 0, 0, 0, 0, 20, 594
"/Users/emirhaneyidogan/Projeler/unilocked-website/src/app/admin/profile-editing/profile-editing.component.scss", "SCSS", 0, 0, 0, 0, 368, 0, 0, 0, 0, 0, 64, 432
"/Users/emirhaneyidogan/Projeler/unilocked-website/src/app/admin/profile-editing/profile-editing.component.spec.ts", "TypeScript", 18, 0, 0, 0, 0, 0, 0, 0, 0, 0, 6, 24
"/Users/emirhaneyidogan/Projeler/unilocked-website/src/app/admin/profile-editing/profile-editing.component.ts", "TypeScript", 207, 0, 0, 0, 0, 0, 0, 0, 0, 6, 15, 228
"/Users/emirhaneyidogan/Projeler/unilocked-website/src/app/app-routing.module.ts", "TypeScript", 32, 0, 0, 0, 0, 0, 0, 0, 0, 0, 4, 36
"/Users/emirhaneyidogan/Projeler/unilocked-website/src/app/app.component.html", "HTML", 0, 0, 3, 0, 0, 0, 0, 0, 0, 0, 1, 4
"/Users/emirhaneyidogan/Projeler/unilocked-website/src/app/app.component.scss", "SCSS", 0, 0, 0, 0, 7, 0, 0, 0, 0, 0, 0, 7
"/Users/emirhaneyidogan/Projeler/unilocked-website/src/app/app.component.spec.ts", "TypeScript", 31, 0, 0, 0, 0, 0, 0, 0, 0, 0, 5, 36
"/Users/emirhaneyidogan/Projeler/unilocked-website/src/app/app.component.ts", "TypeScript", 22, 0, 0, 0, 0, 0, 0, 0, 0, 0, 6, 28
"/Users/emirhaneyidogan/Projeler/unilocked-website/src/app/app.module.ts", "TypeScript", 31, 0, 0, 0, 0, 0, 0, 0, 0, 0, 4, 35
"/Users/emirhaneyidogan/Projeler/unilocked-website/src/app/models/pagination.ts", "TypeScript", 7, 0, 0, 0, 0, 0, 0, 0, 0, 0, 1, 8
"/Users/emirhaneyidogan/Projeler/unilocked-website/src/app/models/post.ts", "TypeScript", 15, 0, 0, 0, 0, 0, 0, 0, 0, 0, 3, 18
"/Users/emirhaneyidogan/Projeler/unilocked-website/src/app/models/profile.ts", "TypeScript", 4, 0, 0, 0, 0, 0, 0, 0, 0, 0, 1, 5
"/Users/emirhaneyidogan/Projeler/unilocked-website/src/app/site/communities/communities-extended/communities-extended.component.html", "HTML", 0, 0, 201, 0, 0, 0, 0, 0, 0, 0, 4, 205
"/Users/emirhaneyidogan/Projeler/unilocked-website/src/app/site/communities/communities-extended/communities-extended.component.scss", "SCSS", 0, 0, 0, 0, 89, 0, 0, 0, 0, 0, 16, 105
"/Users/emirhaneyidogan/Projeler/unilocked-website/src/app/site/communities/communities-extended/communities-extended.component.spec.ts", "TypeScript", 18, 0, 0, 0, 0, 0, 0, 0, 0, 0, 6, 24
"/Users/emirhaneyidogan/Projeler/unilocked-website/src/app/site/communities/communities-extended/communities-extended.component.ts", "TypeScript", 24, 0, 0, 0, 0, 0, 0, 0, 0, 0, 6, 30
"/Users/emirhaneyidogan/Projeler/unilocked-website/src/app/site/communities/communities.component.html", "HTML", 0, 0, 104, 0, 0, 0, 0, 0, 0, 0, 2, 106
"/Users/emirhaneyidogan/Projeler/unilocked-website/src/app/site/communities/communities.component.scss", "SCSS", 0, 0, 0, 0, 81, 0, 0, 0, 0, 0, 15, 96
"/Users/emirhaneyidogan/Projeler/unilocked-website/src/app/site/communities/communities.component.spec.ts", "TypeScript", 18, 0, 0, 0, 0, 0, 0, 0, 0, 0, 6, 24
"/Users/emirhaneyidogan/Projeler/unilocked-website/src/app/site/communities/communities.component.ts", "TypeScript", 24, 0, 0, 0, 0, 0, 0, 0, 0, 0, 8, 32
"/Users/emirhaneyidogan/Projeler/unilocked-website/src/app/site/companies/companies-extended/companies-extended.component.html", "HTML", 0, 0, 337, 0, 0, 0, 0, 0, 0, 0, 1, 338
"/Users/emirhaneyidogan/Projeler/unilocked-website/src/app/site/companies/companies-extended/companies-extended.component.scss", "SCSS", 0, 0, 0, 0, 53, 0, 0, 0, 0, 0, 9, 62
"/Users/emirhaneyidogan/Projeler/unilocked-website/src/app/site/companies/companies-extended/companies-extended.component.spec.ts", "TypeScript", 18, 0, 0, 0, 0, 0, 0, 0, 0, 0, 6, 24
"/Users/emirhaneyidogan/Projeler/unilocked-website/src/app/site/companies/companies-extended/companies-extended.component.ts", "TypeScript", 24, 0, 0, 0, 0, 0, 0, 0, 0, 0, 5, 29
"/Users/emirhaneyidogan/Projeler/unilocked-website/src/app/site/companies/companies.component.html", "HTML", 0, 0, 153, 0, 0, 0, 0, 0, 0, 0, 5, 158
"/Users/emirhaneyidogan/Projeler/unilocked-website/src/app/site/companies/companies.component.scss", "SCSS", 0, 0, 0, 0, 82, 0, 0, 0, 0, 0, 14, 96
"/Users/emirhaneyidogan/Projeler/unilocked-website/src/app/site/companies/companies.component.spec.ts", "TypeScript", 18, 0, 0, 0, 0, 0, 0, 0, 0, 0, 6, 24
"/Users/emirhaneyidogan/Projeler/unilocked-website/src/app/site/companies/companies.component.ts", "TypeScript", 24, 0, 0, 0, 0, 0, 0, 0, 0, 0, 7, 31
"/Users/emirhaneyidogan/Projeler/unilocked-website/src/app/site/company/company.component.html", "HTML", 0, 0, 664, 0, 0, 0, 0, 0, 0, 0, 11, 675
"/Users/emirhaneyidogan/Projeler/unilocked-website/src/app/site/company/company.component.scss", "SCSS", 0, 0, 0, 0, 212, 0, 0, 0, 0, 0, 29, 241
"/Users/emirhaneyidogan/Projeler/unilocked-website/src/app/site/company/company.component.spec.ts", "TypeScript", 18, 0, 0, 0, 0, 0, 0, 0, 0, 0, 6, 24
"/Users/emirhaneyidogan/Projeler/unilocked-website/src/app/site/company/company.component.ts", "TypeScript", 49, 0, 0, 0, 0, 0, 0, 0, 0, 0, 7, 56
"/Users/emirhaneyidogan/Projeler/unilocked-website/src/app/site/components/main-content/main-content.component.html", "HTML", 0, 0, 15, 0, 0, 0, 0, 0, 0, 0, 1, 16
"/Users/emirhaneyidogan/Projeler/unilocked-website/src/app/site/components/main-content/main-content.component.scss", "SCSS", 0, 0, 0, 0, 0, 0, 0, 0, 0, 0, 1, 1
"/Users/emirhaneyidogan/Projeler/unilocked-website/src/app/site/components/main-content/main-content.component.spec.ts", "TypeScript", 18, 0, 0, 0, 0, 0, 0, 0, 0, 0, 6, 24
"/Users/emirhaneyidogan/Projeler/unilocked-website/src/app/site/components/main-content/main-content.component.ts", "TypeScript", 16, 0, 0, 0, 0, 0, 0, 0, 0, 0, 5, 21
"/Users/emirhaneyidogan/Projeler/unilocked-website/src/app/site/components/main-menu/main-menu.component.html", "HTML", 0, 0, 38, 0, 0, 0, 0, 0, 0, 0, 2, 40
"/Users/emirhaneyidogan/Projeler/unilocked-website/src/app/site/components/main-menu/main-menu.component.scss", "SCSS", 0, 0, 0, 0, 47, 0, 0, 0, 0, 0, 9, 56
"/Users/emirhaneyidogan/Projeler/unilocked-website/src/app/site/components/main-menu/main-menu.component.spec.ts", "TypeScript", 18, 0, 0, 0, 0, 0, 0, 0, 0, 0, 6, 24
"/Users/emirhaneyidogan/Projeler/unilocked-website/src/app/site/components/main-menu/main-menu.component.ts", "TypeScript", 13, 0, 0, 0, 0, 0, 0, 0, 0, 0, 5, 18
"/Users/emirhaneyidogan/Projeler/unilocked-website/src/app/site/components/post/post-content/post-content.component.html", "HTML", 0, 0, 10, 0, 0, 0, 0, 0, 0, 0, 1, 11
"/Users/emirhaneyidogan/Projeler/unilocked-website/src/app/site/components/post/post-content/post-content.component.scss", "SCSS", 0, 0, 0, 0, 8, 0, 0, 0, 0, 0, 1, 9
"/Users/emirhaneyidogan/Projeler/unilocked-website/src/app/site/components/post/post-content/post-content.component.spec.ts", "TypeScript", 18, 0, 0, 0, 0, 0, 0, 0, 0, 0, 6, 24
"/Users/emirhaneyidogan/Projeler/unilocked-website/src/app/site/components/post/post-content/post-content.component.ts", "TypeScript", 18, 0, 0, 0, 0, 0, 0, 0, 0, 0, 9, 27
"/Users/emirhaneyidogan/Projeler/unilocked-website/src/app/site/components/post/post.component.html", "HTML", 0, 0, 54, 0, 0, 0, 0, 0, 0, 0, 2, 56
"/Users/emirhaneyidogan/Projeler/unilocked-website/src/app/site/components/post/post.component.scss", "SCSS", 0, 0, 0, 0, 96, 0, 0, 0, 0, 0, 26, 122
"/Users/emirhaneyidogan/Projeler/unilocked-website/src/app/site/components/post/post.component.spec.ts", "TypeScript", 18, 0, 0, 0, 0, 0, 0, 0, 0, 0, 6, 24
"/Users/emirhaneyidogan/Projeler/unilocked-website/src/app/site/components/post/post.component.ts", "TypeScript", 34, 0, 0, 0, 0, 0, 0, 0, 0, 0, 11, 45
"/Users/emirhaneyidogan/Projeler/unilocked-website/src/app/site/discovery-catalog/catalog-cards/community-card/community-card.component.html", "HTML", 0, 0, 0, 0, 0, 0, 0, 0, 0, 0, 1, 1
"/Users/emirhaneyidogan/Projeler/unilocked-website/src/app/site/discovery-catalog/catalog-cards/community-card/community-card.component.scss", "SCSS", 0, 0, 0, 0, 0, 0, 0, 0, 0, 0, 1, 1
"/Users/emirhaneyidogan/Projeler/unilocked-website/src/app/site/discovery-catalog/catalog-cards/community-card/community-card.component.spec.ts", "TypeScript", 18, 0, 0, 0, 0, 0, 0, 0, 0, 0, 6, 24
"/Users/emirhaneyidogan/Projeler/unilocked-website/src/app/site/discovery-catalog/catalog-cards/community-card/community-card.component.ts", "TypeScript", 8, 0, 0, 0, 0, 0, 0, 0, 0, 0, 3, 11
"/Users/emirhaneyidogan/Projeler/unilocked-website/src/app/site/discovery-catalog/catalog-cards/company-card/company-card.component.html", "HTML", 0, 0, 38, 0, 0, 0, 0, 0, 0, 0, 1, 39
"/Users/emirhaneyidogan/Projeler/unilocked-website/src/app/site/discovery-catalog/catalog-cards/company-card/company-card.component.scss", "SCSS", 0, 0, 0, 0, 191, 0, 0, 0, 0, 0, 23, 214
"/Users/emirhaneyidogan/Projeler/unilocked-website/src/app/site/discovery-catalog/catalog-cards/company-card/company-card.component.spec.ts", "TypeScript", 18, 0, 0, 0, 0, 0, 0, 0, 0, 0, 6, 24
"/Users/emirhaneyidogan/Projeler/unilocked-website/src/app/site/discovery-catalog/catalog-cards/company-card/company-card.component.ts", "TypeScript", 8, 0, 0, 0, 0, 0, 0, 0, 0, 0, 3, 11
"/Users/emirhaneyidogan/Projeler/unilocked-website/src/app/site/discovery-catalog/catalog-cards/events-card/events-card.component.html", "HTML", 0, 0, 51, 0, 0, 0, 0, 0, 0, 0, 0, 51
"/Users/emirhaneyidogan/Projeler/unilocked-website/src/app/site/discovery-catalog/catalog-cards/events-card/events-card.component.scss", "SCSS", 0, 0, 0, 0, 234, 0, 0, 0, 0, 0, 27, 261
"/Users/emirhaneyidogan/Projeler/unilocked-website/src/app/site/discovery-catalog/catalog-cards/events-card/events-card.component.spec.ts", "TypeScript", 18, 0, 0, 0, 0, 0, 0, 0, 0, 0, 6, 24
"/Users/emirhaneyidogan/Projeler/unilocked-website/src/app/site/discovery-catalog/catalog-cards/events-card/events-card.component.ts", "TypeScript", 8, 0, 0, 0, 0, 0, 0, 0, 0, 0, 3, 11
"/Users/emirhaneyidogan/Projeler/unilocked-website/src/app/site/discovery-catalog/catalog-cards/job-card/job-card.component.html", "HTML", 0, 0, 38, 0, 0, 0, 0, 0, 0, 0, 1, 39
"/Users/emirhaneyidogan/Projeler/unilocked-website/src/app/site/discovery-catalog/catalog-cards/job-card/job-card.component.scss", "SCSS", 0, 0, 0, 0, 223, 0, 0, 0, 0, 0, 27, 250
"/Users/emirhaneyidogan/Projeler/unilocked-website/src/app/site/discovery-catalog/catalog-cards/job-card/job-card.component.spec.ts", "TypeScript", 18, 0, 0, 0, 0, 0, 0, 0, 0, 0, 6, 24
"/Users/emirhaneyidogan/Projeler/unilocked-website/src/app/site/discovery-catalog/catalog-cards/job-card/job-card.component.ts", "TypeScript", 8, 0, 0, 0, 0, 0, 0, 0, 0, 0, 3, 11
"/Users/emirhaneyidogan/Projeler/unilocked-website/src/app/site/discovery-catalog/catalog-cards/person-card/person-card.component.html", "HTML", 0, 0, 48, 0, 0, 0, 0, 0, 0, 0, 3, 51
"/Users/emirhaneyidogan/Projeler/unilocked-website/src/app/site/discovery-catalog/catalog-cards/person-card/person-card.component.scss", "SCSS", 0, 0, 0, 0, 210, 0, 0, 0, 0, 0, 24, 234
"/Users/emirhaneyidogan/Projeler/unilocked-website/src/app/site/discovery-catalog/catalog-cards/person-card/person-card.component.spec.ts", "TypeScript", 18, 0, 0, 0, 0, 0, 0, 0, 0, 0, 6, 24
"/Users/emirhaneyidogan/Projeler/unilocked-website/src/app/site/discovery-catalog/catalog-cards/person-card/person-card.component.ts", "TypeScript", 8, 0, 0, 0, 0, 0, 0, 0, 0, 0, 3, 11
"/Users/emirhaneyidogan/Projeler/unilocked-website/src/app/site/discovery-catalog/catalog-cards/project-post-card/project-post-card.component.html", "HTML", 0, 0, 46, 0, 0, 0, 0, 0, 0, 0, 2, 48
"/Users/emirhaneyidogan/Projeler/unilocked-website/src/app/site/discovery-catalog/catalog-cards/project-post-card/project-post-card.component.scss", "SCSS", 0, 0, 0, 0, 266, 0, 0, 0, 0, 0, 33, 299
"/Users/emirhaneyidogan/Projeler/unilocked-website/src/app/site/discovery-catalog/catalog-cards/project-post-card/project-post-card.component.spec.ts", "TypeScript", 18, 0, 0, 0, 0, 0, 0, 0, 0, 0, 6, 24
"/Users/emirhaneyidogan/Projeler/unilocked-website/src/app/site/discovery-catalog/catalog-cards/project-post-card/project-post-card.component.ts", "TypeScript", 8, 0, 0, 0, 0, 0, 0, 0, 0, 0, 3, 11
"/Users/emirhaneyidogan/Projeler/unilocked-website/src/app/site/discovery-catalog/discovery-catalog.component.html", "HTML", 0, 0, 131, 0, 0, 0, 0, 0, 0, 0, 6, 137
"/Users/emirhaneyidogan/Projeler/unilocked-website/src/app/site/discovery-catalog/discovery-catalog.component.scss", "SCSS", 0, 0, 0, 0, 83, 0, 0, 0, 0, 0, 4, 87
"/Users/emirhaneyidogan/Projeler/unilocked-website/src/app/site/discovery-catalog/discovery-catalog.component.spec.ts", "TypeScript", 18, 0, 0, 0, 0, 0, 0, 0, 0, 0, 6, 24
"/Users/emirhaneyidogan/Projeler/unilocked-website/src/app/site/discovery-catalog/discovery-catalog.component.ts", "TypeScript", 27, 0, 0, 0, 0, 0, 0, 0, 0, 0, 2, 29
"/Users/emirhaneyidogan/Projeler/unilocked-website/src/app/site/event-details/event-details.component.html", "HTML", 0, 0, 553, 0, 0, 0, 0, 0, 0, 0, 2, 555
"/Users/emirhaneyidogan/Projeler/unilocked-website/src/app/site/event-details/event-details.component.scss", "SCSS", 0, 0, 0, 0, 653, 0, 0, 0, 0, 2, 75, 730
"/Users/emirhaneyidogan/Projeler/unilocked-website/src/app/site/event-details/event-details.component.spec.ts", "TypeScript", 18, 0, 0, 0, 0, 0, 0, 0, 0, 0, 6, 24
"/Users/emirhaneyidogan/Projeler/unilocked-website/src/app/site/event-details/event-details.component.ts", "TypeScript", 204, 0, 0, 0, 0, 0, 0, 0, 0, 0, 20, 224
"/Users/emirhaneyidogan/Projeler/unilocked-website/src/app/site/events/events-extended/events-extended.component.html", "HTML", 0, 0, 59, 0, 0, 0, 0, 0, 0, 0, 5, 64
"/Users/emirhaneyidogan/Projeler/unilocked-website/src/app/site/events/events-extended/events-extended.component.scss", "SCSS", 0, 0, 0, 0, 55, 0, 0, 0, 0, 0, 13, 68
"/Users/emirhaneyidogan/Projeler/unilocked-website/src/app/site/events/events-extended/events-extended.component.spec.ts", "TypeScript", 18, 0, 0, 0, 0, 0, 0, 0, 0, 0, 6, 24
"/Users/emirhaneyidogan/Projeler/unilocked-website/src/app/site/events/events-extended/events-extended.component.ts", "TypeScript", 8, 0, 0, 0, 0, 0, 0, 0, 0, 0, 3, 11
"/Users/emirhaneyidogan/Projeler/unilocked-website/src/app/site/events/events.component.html", "HTML", 0, 0, 84, 0, 0, 0, 0, 0, 0, 0, 10, 94
"/Users/emirhaneyidogan/Projeler/unilocked-website/src/app/site/events/events.component.scss", "SCSS", 0, 0, 0, 0, 49, 0, 0, 0, 0, 0, 13, 62
"/Users/emirhaneyidogan/Projeler/unilocked-website/src/app/site/events/events.component.spec.ts", "TypeScript", 18, 0, 0, 0, 0, 0, 0, 0, 0, 0, 6, 24
"/Users/emirhaneyidogan/Projeler/unilocked-website/src/app/site/events/events.component.ts", "TypeScript", 24, 0, 0, 0, 0, 0, 0, 0, 0, 0, 11, 35
"/Users/emirhaneyidogan/Projeler/unilocked-website/src/app/site/explore/explore.component.html", "HTML", 0, 0, 1, 0, 0, 0, 0, 0, 0, 0, 0, 1
"/Users/emirhaneyidogan/Projeler/unilocked-website/src/app/site/explore/explore.component.scss", "SCSS", 0, 0, 0, 0, 0, 0, 0, 0, 0, 0, 1, 1
"/Users/emirhaneyidogan/Projeler/unilocked-website/src/app/site/explore/explore.component.spec.ts", "TypeScript", 18, 0, 0, 0, 0, 0, 0, 0, 0, 0, 6, 24
"/Users/emirhaneyidogan/Projeler/unilocked-website/src/app/site/explore/explore.component.ts", "TypeScript", 11, 0, 0, 0, 0, 0, 0, 0, 0, 0, 5, 16
"/Users/emirhaneyidogan/Projeler/unilocked-website/src/app/site/friends/friends.component.html", "HTML", 0, 0, 100, 0, 0, 0, 0, 0, 0, 0, 1, 101
"/Users/emirhaneyidogan/Projeler/unilocked-website/src/app/site/friends/friends.component.scss", "SCSS", 0, 0, 0, 0, 88, 0, 0, 0, 0, 0, 17, 105
"/Users/emirhaneyidogan/Projeler/unilocked-website/src/app/site/friends/friends.component.spec.ts", "TypeScript", 18, 0, 0, 0, 0, 0, 0, 0, 0, 0, 6, 24
"/Users/emirhaneyidogan/Projeler/unilocked-website/src/app/site/friends/friends.component.ts", "TypeScript", 24, 0, 0, 0, 0, 0, 0, 0, 0, 0, 7, 31
"/Users/emirhaneyidogan/Projeler/unilocked-website/src/app/site/homepage/homepage.component.html", "HTML", 0, 0, 0, 0, 0, 0, 0, 0, 0, 0, 1, 1
"/Users/emirhaneyidogan/Projeler/unilocked-website/src/app/site/homepage/homepage.component.scss", "SCSS", 0, 0, 0, 0, 0, 0, 0, 0, 0, 0, 1, 1
"/Users/emirhaneyidogan/Projeler/unilocked-website/src/app/site/homepage/homepage.component.spec.ts", "TypeScript", 18, 0, 0, 0, 0, 0, 0, 0, 0, 0, 6, 24
"/Users/emirhaneyidogan/Projeler/unilocked-website/src/app/site/homepage/homepage.component.ts", "TypeScript", 13, 0, 0, 0, 0, 0, 0, 0, 0, 0, 6, 19
"/Users/emirhaneyidogan/Projeler/unilocked-website/src/app/site/job-posting/job-posting.component.html", "HTML", 0, 0, 255, 0, 0, 0, 0, 0, 0, 0, 3, 258
"/Users/emirhaneyidogan/Projeler/unilocked-website/src/app/site/job-posting/job-posting.component.scss", "SCSS", 0, 0, 0, 0, 260, 0, 0, 0, 0, 0, 30, 290
"/Users/emirhaneyidogan/Projeler/unilocked-website/src/app/site/job-posting/job-posting.component.spec.ts", "TypeScript", 18, 0, 0, 0, 0, 0, 0, 0, 0, 0, 6, 24
"/Users/emirhaneyidogan/Projeler/unilocked-website/src/app/site/job-posting/job-posting.component.ts", "TypeScript", 92, 0, 0, 0, 0, 0, 0, 0, 0, 0, 10, 102
"/Users/emirhaneyidogan/Projeler/unilocked-website/src/app/site/main-home/guest-home/animated-counter.directive.spec.ts", "TypeScript", 7, 0, 0, 0, 0, 0, 0, 0, 0, 0, 2, 9
"/Users/emirhaneyidogan/Projeler/unilocked-website/src/app/site/main-home/guest-home/animated-counter.directive.ts", "TypeScript", 27, 0, 0, 0, 0, 0, 0, 0, 0, 0, 6, 33
"/Users/emirhaneyidogan/Projeler/unilocked-website/src/app/site/main-home/guest-home/guest-home.component.html", "HTML", 0, 0, 609, 0, 0, 0, 0, 0, 0, 0, 5, 614
"/Users/emirhaneyidogan/Projeler/unilocked-website/src/app/site/main-home/guest-home/guest-home.component.scss", "SCSS", 0, 0, 0, 0, 746, 0, 0, 0, 0, 2, 81, 829
"/Users/emirhaneyidogan/Projeler/unilocked-website/src/app/site/main-home/guest-home/guest-home.component.spec.ts", "TypeScript", 19, 0, 0, 0, 0, 0, 0, 0, 0, 0, 9, 28
"/Users/emirhaneyidogan/Projeler/unilocked-website/src/app/site/main-home/guest-home/guest-home.component.ts", "TypeScript", 25, 0, 0, 0, 0, 0, 0, 0, 0, 54, 23, 102
"/Users/emirhaneyidogan/Projeler/unilocked-website/src/app/site/main-home/guest-home/home-partners/home-partners.component.html", "HTML", 0, 0, 30, 0, 0, 0, 0, 0, 0, 0, 1, 31
"/Users/emirhaneyidogan/Projeler/unilocked-website/src/app/site/main-home/guest-home/home-partners/home-partners.component.scss", "SCSS", 0, 0, 0, 0, 81, 0, 0, 0, 0, 0, 13, 94
"/Users/emirhaneyidogan/Projeler/unilocked-website/src/app/site/main-home/guest-home/home-partners/home-partners.component.spec.ts", "TypeScript", 18, 0, 0, 0, 0, 0, 0, 0, 0, 0, 6, 24
"/Users/emirhaneyidogan/Projeler/unilocked-website/src/app/site/main-home/guest-home/home-partners/home-partners.component.ts", "TypeScript", 8, 0, 0, 0, 0, 0, 0, 0, 0, 0, 3, 11
"/Users/emirhaneyidogan/Projeler/unilocked-website/src/app/site/main-home/guest-home/planet-left/planet-left.component.html", "HTML", 0, 0, 268, 0, 0, 0, 0, 0, 0, 0, 2, 270
"/Users/emirhaneyidogan/Projeler/unilocked-website/src/app/site/main-home/guest-home/planet-left/planet-left.component.scss", "SCSS", 0, 0, 0, 0, 0, 0, 0, 0, 0, 0, 1, 1
"/Users/emirhaneyidogan/Projeler/unilocked-website/src/app/site/main-home/guest-home/planet-left/planet-left.component.spec.ts", "TypeScript", 18, 0, 0, 0, 0, 0, 0, 0, 0, 0, 6, 24
"/Users/emirhaneyidogan/Projeler/unilocked-website/src/app/site/main-home/guest-home/planet-left/planet-left.component.ts", "TypeScript", 8, 0, 0, 0, 0, 0, 0, 0, 0, 0, 3, 11
"/Users/emirhaneyidogan/Projeler/unilocked-website/src/app/site/main-home/guest-home/planet-right/planet-right.component.html", "HTML", 0, 0, 4, 0, 0, 0, 0, 0, 0, 0, 1, 5
"/Users/emirhaneyidogan/Projeler/unilocked-website/src/app/site/main-home/guest-home/planet-right/planet-right.component.scss", "SCSS", 0, 0, 0, 0, 32, 0, 0, 0, 0, 2, 5, 39
"/Users/emirhaneyidogan/Projeler/unilocked-website/src/app/site/main-home/guest-home/planet-right/planet-right.component.spec.ts", "TypeScript", 18, 0, 0, 0, 0, 0, 0, 0, 0, 0, 6, 24
"/Users/emirhaneyidogan/Projeler/unilocked-website/src/app/site/main-home/guest-home/planet-right/planet-right.component.ts", "TypeScript", 8, 0, 0, 0, 0, 0, 0, 0, 0, 0, 3, 11
"/Users/emirhaneyidogan/Projeler/unilocked-website/src/app/site/main-home/home.service.spec.ts", "TypeScript", 12, 0, 0, 0, 0, 0, 0, 0, 0, 0, 5, 17
"/Users/emirhaneyidogan/Projeler/unilocked-website/src/app/site/main-home/home.service.ts", "TypeScript", 18, 0, 0, 0, 0, 0, 0, 0, 0, 0, 4, 22
"/Users/emirhaneyidogan/Projeler/unilocked-website/src/app/site/main-home/main-home.component.html", "HTML", 0, 0, 11, 0, 0, 0, 0, 0, 0, 0, 3, 14
"/Users/emirhaneyidogan/Projeler/unilocked-website/src/app/site/main-home/main-home.component.scss", "SCSS", 0, 0, 0, 0, 7, 0, 0, 0, 0, 0, 0, 7
"/Users/emirhaneyidogan/Projeler/unilocked-website/src/app/site/main-home/main-home.component.spec.ts", "TypeScript", 18, 0, 0, 0, 0, 0, 0, 0, 0, 0, 6, 24
"/Users/emirhaneyidogan/Projeler/unilocked-website/src/app/site/main-home/main-home.component.ts", "TypeScript", 12, 0, 0, 0, 0, 0, 0, 0, 0, 0, 6, 18
"/Users/emirhaneyidogan/Projeler/unilocked-website/src/app/site/main-home/user-home/user-home.component.html", "HTML", 0, 0, 82, 0, 0, 0, 0, 0, 0, 0, 2, 84
"/Users/emirhaneyidogan/Projeler/unilocked-website/src/app/site/main-home/user-home/user-home.component.scss", "SCSS", 0, 0, 0, 0, 128, 0, 0, 0, 0, 0, 30, 158
"/Users/emirhaneyidogan/Projeler/unilocked-website/src/app/site/main-home/user-home/user-home.component.spec.ts", "TypeScript", 18, 0, 0, 0, 0, 0, 0, 0, 0, 0, 6, 24
"/Users/emirhaneyidogan/Projeler/unilocked-website/src/app/site/main-home/user-home/user-home.component.ts", "TypeScript", 75, 0, 0, 0, 0, 0, 0, 0, 0, 0, 18, 93
"/Users/emirhaneyidogan/Projeler/unilocked-website/src/app/site/messages/messages.component.html", "HTML", 0, 0, 1, 0, 0, 0, 0, 0, 0, 0, 0, 1
"/Users/emirhaneyidogan/Projeler/unilocked-website/src/app/site/messages/messages.component.scss", "SCSS", 0, 0, 0, 0, 370, 0, 0, 0, 0, 0, 52, 422
"/Users/emirhaneyidogan/Projeler/unilocked-website/src/app/site/messages/messages.component.spec.ts", "TypeScript", 18, 0, 0, 0, 0, 0, 0, 0, 0, 0, 6, 24
"/Users/emirhaneyidogan/Projeler/unilocked-website/src/app/site/messages/messages.component.ts", "TypeScript", 8, 0, 0, 0, 0, 0, 0, 0, 0, 0, 3, 11
"/Users/emirhaneyidogan/Projeler/unilocked-website/src/app/site/messages/tabs/messages-main/messages-main.component.html", "HTML", 0, 0, 279, 0, 0, 0, 0, 0, 0, 0, 1, 280
"/Users/emirhaneyidogan/Projeler/unilocked-website/src/app/site/messages/tabs/messages-main/messages-main.component.scss", "SCSS", 0, 0, 0, 0, 365, 0, 0, 0, 0, 0, 52, 417
"/Users/emirhaneyidogan/Projeler/unilocked-website/src/app/site/messages/tabs/messages-main/messages-main.component.spec.ts", "TypeScript", 18, 0, 0, 0, 0, 0, 0, 0, 0, 0, 6, 24
"/Users/emirhaneyidogan/Projeler/unilocked-website/src/app/site/messages/tabs/messages-main/messages-main.component.ts", "TypeScript", 8, 0, 0, 0, 0, 0, 0, 0, 0, 0, 3, 11
"/Users/emirhaneyidogan/Projeler/unilocked-website/src/app/site/notifications/notifications.component.html", "HTML", 0, 0, 59, 0, 0, 0, 0, 0, 0, 0, 1, 60
"/Users/emirhaneyidogan/Projeler/unilocked-website/src/app/site/notifications/notifications.component.scss", "SCSS", 0, 0, 0, 0, 95, 0, 0, 0, 0, 0, 18, 113
"/Users/emirhaneyidogan/Projeler/unilocked-website/src/app/site/notifications/notifications.component.spec.ts", "TypeScript", 18, 0, 0, 0, 0, 0, 0, 0, 0, 0, 6, 24
"/Users/emirhaneyidogan/Projeler/unilocked-website/src/app/site/notifications/notifications.component.ts", "TypeScript", 22, 0, 0, 0, 0, 0, 0, 0, 0, 0, 6, 28
"/Users/emirhaneyidogan/Projeler/unilocked-website/src/app/site/people/panels/panel.scss", "SCSS", 0, 0, 0, 0, 85, 0, 0, 0, 0, 0, 16, 101
"/Users/emirhaneyidogan/Projeler/unilocked-website/src/app/site/people/panels/people-home/people-home.component.html", "HTML", 0, 0, 86, 0, 0, 0, 0, 0, 0, 0, 2, 88
"/Users/emirhaneyidogan/Projeler/unilocked-website/src/app/site/people/panels/people-home/people-home.component.scss", "SCSS", 0, 0, 0, 0, 0, 0, 0, 0, 0, 0, 1, 1
"/Users/emirhaneyidogan/Projeler/unilocked-website/src/app/site/people/panels/people-home/people-home.component.spec.ts", "TypeScript", 18, 0, 0, 0, 0, 0, 0, 0, 0, 0, 6, 24
"/Users/emirhaneyidogan/Projeler/unilocked-website/src/app/site/people/panels/people-home/people-home.component.ts", "TypeScript", 23, 0, 0, 0, 0, 0, 0, 0, 0, 0, 7, 30
"/Users/emirhaneyidogan/Projeler/unilocked-website/src/app/site/people/panels/people-professionals/people-professionals.component.html", "HTML", 0, 0, 1, 0, 0, 0, 0, 0, 0, 0, 1, 2
"/Users/emirhaneyidogan/Projeler/unilocked-website/src/app/site/people/panels/people-professionals/people-professionals.component.scss", "SCSS", 0, 0, 0, 0, 0, 0, 0, 0, 0, 0, 1, 1
"/Users/emirhaneyidogan/Projeler/unilocked-website/src/app/site/people/panels/people-professionals/people-professionals.component.spec.ts", "TypeScript", 18, 0, 0, 0, 0, 0, 0, 0, 0, 0, 6, 24
"/Users/emirhaneyidogan/Projeler/unilocked-website/src/app/site/people/panels/people-professionals/people-professionals.component.ts", "TypeScript", 11, 0, 0, 0, 0, 0, 0, 0, 0, 0, 5, 16
"/Users/emirhaneyidogan/Projeler/unilocked-website/src/app/site/people/panels/people-students/people-students.component.html", "HTML", 0, 0, 1, 0, 0, 0, 0, 0, 0, 0, 1, 2
"/Users/emirhaneyidogan/Projeler/unilocked-website/src/app/site/people/panels/people-students/people-students.component.scss", "SCSS", 0, 0, 0, 0, 0, 0, 0, 0, 0, 0, 1, 1
"/Users/emirhaneyidogan/Projeler/unilocked-website/src/app/site/people/panels/people-students/people-students.component.spec.ts", "TypeScript", 18, 0, 0, 0, 0, 0, 0, 0, 0, 0, 6, 24
"/Users/emirhaneyidogan/Projeler/unilocked-website/src/app/site/people/panels/people-students/people-students.component.ts", "TypeScript", 11, 0, 0, 0, 0, 0, 0, 0, 0, 0, 5, 16
"/Users/emirhaneyidogan/Projeler/unilocked-website/src/app/site/people/people-extended/people-extended.component.html", "HTML", 0, 0, 189, 0, 0, 0, 0, 0, 0, 0, 0, 189
"/Users/emirhaneyidogan/Projeler/unilocked-website/src/app/site/people/people-extended/people-extended.component.scss", "SCSS", 0, 0, 0, 0, 94, 0, 0, 0, 0, 0, 17, 111
"/Users/emirhaneyidogan/Projeler/unilocked-website/src/app/site/people/people-extended/people-extended.component.spec.ts", "TypeScript", 18, 0, 0, 0, 0, 0, 0, 0, 0, 0, 6, 24
"/Users/emirhaneyidogan/Projeler/unilocked-website/src/app/site/people/people-extended/people-extended.component.ts", "TypeScript", 20, 0, 0, 0, 0, 0, 0, 0, 0, 0, 3, 23
"/Users/emirhaneyidogan/Projeler/unilocked-website/src/app/site/people/people.component.html", "HTML", 0, 0, 19, 0, 0, 0, 0, 0, 0, 0, 1, 20
"/Users/emirhaneyidogan/Projeler/unilocked-website/src/app/site/people/people.component.scss", "SCSS", 0, 0, 0, 0, 13, 0, 0, 0, 0, 0, 4, 17
"/Users/emirhaneyidogan/Projeler/unilocked-website/src/app/site/people/people.component.spec.ts", "TypeScript", 18, 0, 0, 0, 0, 0, 0, 0, 0, 0, 6, 24
"/Users/emirhaneyidogan/Projeler/unilocked-website/src/app/site/people/people.component.ts", "TypeScript", 12, 0, 0, 0, 0, 0, 0, 0, 0, 0, 7, 19
"/Users/emirhaneyidogan/Projeler/unilocked-website/src/app/site/posts/posts.service.spec.ts", "TypeScript", 12, 0, 0, 0, 0, 0, 0, 0, 0, 0, 5, 17
"/Users/emirhaneyidogan/Projeler/unilocked-website/src/app/site/posts/posts.service.ts", "TypeScript", 44, 0, 0, 0, 0, 0, 0, 0, 0, 0, 8, 52
"/Users/emirhaneyidogan/Projeler/unilocked-website/src/app/site/profiles/community-profile/community-profile.component.html", "HTML", 0, 0, 1, 0, 0, 0, 0, 0, 0, 0, 0, 1
"/Users/emirhaneyidogan/Projeler/unilocked-website/src/app/site/profiles/community-profile/community-profile.component.scss", "SCSS", 0, 0, 0, 0, 0, 0, 0, 0, 0, 0, 1, 1
"/Users/emirhaneyidogan/Projeler/unilocked-website/src/app/site/profiles/community-profile/community-profile.component.spec.ts", "TypeScript", 18, 0, 0, 0, 0, 0, 0, 0, 0, 0, 6, 24
"/Users/emirhaneyidogan/Projeler/unilocked-website/src/app/site/profiles/community-profile/community-profile.component.ts", "TypeScript", 11, 0, 0, 0, 0, 0, 0, 0, 0, 0, 5, 16
"/Users/emirhaneyidogan/Projeler/unilocked-website/src/app/site/profiles/profile-content/profile-content.component.html", "HTML", 0, 0, 6, 0, 0, 0, 0, 0, 0, 0, 1, 7
"/Users/emirhaneyidogan/Projeler/unilocked-website/src/app/site/profiles/profile-content/profile-content.component.scss", "SCSS", 0, 0, 0, 0, 32, 0, 0, 0, 0, 0, 3, 35
"/Users/emirhaneyidogan/Projeler/unilocked-website/src/app/site/profiles/profile-content/profile-content.component.spec.ts", "TypeScript", 18, 0, 0, 0, 0, 0, 0, 0, 0, 0, 6, 24
"/Users/emirhaneyidogan/Projeler/unilocked-website/src/app/site/profiles/profile-content/profile-content.component.ts", "TypeScript", 12, 0, 0, 0, 0, 0, 0, 0, 0, 0, 6, 18
"/Users/emirhaneyidogan/Projeler/unilocked-website/src/app/site/profiles/user-profile/user-highlights/user-highlights.component.html", "HTML", 0, 0, 34, 0, 0, 0, 0, 0, 0, 0, 1, 35
"/Users/emirhaneyidogan/Projeler/unilocked-website/src/app/site/profiles/user-profile/user-highlights/user-highlights.component.scss", "SCSS", 0, 0, 0, 0, 6, 0, 0, 0, 0, 0, 0, 6
"/Users/emirhaneyidogan/Projeler/unilocked-website/src/app/site/profiles/user-profile/user-highlights/user-highlights.component.spec.ts", "TypeScript", 18, 0, 0, 0, 0, 0, 0, 0, 0, 0, 6, 24
"/Users/emirhaneyidogan/Projeler/unilocked-website/src/app/site/profiles/user-profile/user-highlights/user-highlights.component.ts", "TypeScript", 155, 0, 0, 0, 0, 0, 0, 0, 0, 0, 9, 164
"/Users/emirhaneyidogan/Projeler/unilocked-website/src/app/site/profiles/user-profile/user-posts/user-posts.component.html", "HTML", 0, 0, 39, 0, 0, 0, 0, 0, 0, 0, 1, 40
"/Users/emirhaneyidogan/Projeler/unilocked-website/src/app/site/profiles/user-profile/user-posts/user-posts.component.scss", "SCSS", 0, 0, 0, 0, 9, 0, 0, 0, 0, 0, 2, 11
"/Users/emirhaneyidogan/Projeler/unilocked-website/src/app/site/profiles/user-profile/user-posts/user-posts.component.spec.ts", "TypeScript", 18, 0, 0, 0, 0, 0, 0, 0, 0, 0, 6, 24
"/Users/emirhaneyidogan/Projeler/unilocked-website/src/app/site/profiles/user-profile/user-posts/user-posts.component.ts", "TypeScript", 155, 0, 0, 0, 0, 0, 0, 0, 0, 0, 9, 164
"/Users/emirhaneyidogan/Projeler/unilocked-website/src/app/site/profiles/user-profile/user-profile.component.html", "HTML", 0, 0, 457, 0, 0, 0, 0, 0, 0, 0, 1, 458
"/Users/emirhaneyidogan/Projeler/unilocked-website/src/app/site/profiles/user-profile/user-profile.component.scss", "SCSS", 0, 0, 0, 0, 458, 0, 0, 0, 0, 1, 85, 544
"/Users/emirhaneyidogan/Projeler/unilocked-website/src/app/site/profiles/user-profile/user-profile.component.spec.ts", "TypeScript", 18, 0, 0, 0, 0, 0, 0, 0, 0, 0, 6, 24
"/Users/emirhaneyidogan/Projeler/unilocked-website/src/app/site/profiles/user-profile/user-profile.component.ts", "TypeScript", 155, 0, 0, 0, 0, 0, 0, 0, 0, 0, 9, 164
"/Users/emirhaneyidogan/Projeler/unilocked-website/src/app/site/projects/components/project-card/project-card.component.html", "HTML", 0, 0, 56, 0, 0, 0, 0, 0, 0, 0, 0, 56
"/Users/emirhaneyidogan/Projeler/unilocked-website/src/app/site/projects/components/project-card/project-card.component.scss", "SCSS", 0, 0, 0, 0, 74, 0, 0, 0, 0, 4, 24, 102
"/Users/emirhaneyidogan/Projeler/unilocked-website/src/app/site/projects/components/project-card/project-card.component.spec.ts", "TypeScript", 18, 0, 0, 0, 0, 0, 0, 0, 0, 0, 6, 24
"/Users/emirhaneyidogan/Projeler/unilocked-website/src/app/site/projects/components/project-card/project-card.component.ts", "TypeScript", 13, 0, 0, 0, 0, 0, 0, 0, 0, 0, 6, 19
"/Users/emirhaneyidogan/Projeler/unilocked-website/src/app/site/projects/projects-extended/projects-extended.component.html", "HTML", 0, 0, 28, 0, 0, 0, 0, 0, 0, 0, 7, 35
"/Users/emirhaneyidogan/Projeler/unilocked-website/src/app/site/projects/projects-extended/projects-extended.component.scss", "SCSS", 0, 0, 0, 0, 11, 0, 0, 0, 0, 0, 2, 13
"/Users/emirhaneyidogan/Projeler/unilocked-website/src/app/site/projects/projects-extended/projects-extended.component.spec.ts", "TypeScript", 18, 0, 0, 0, 0, 0, 0, 0, 0, 0, 6, 24
"/Users/emirhaneyidogan/Projeler/unilocked-website/src/app/site/projects/projects-extended/projects-extended.component.ts", "TypeScript", 48, 0, 0, 0, 0, 0, 0, 0, 0, 0, 4, 52
"/Users/emirhaneyidogan/Projeler/unilocked-website/src/app/site/projects/projects.component.html", "HTML", 0, 0, 17, 0, 0, 0, 0, 0, 0, 0, 1, 18
"/Users/emirhaneyidogan/Projeler/unilocked-website/src/app/site/projects/projects.component.scss", "SCSS", 0, 0, 0, 0, 7, 0, 0, 0, 0, 0, 4, 11
"/Users/emirhaneyidogan/Projeler/unilocked-website/src/app/site/projects/projects.component.spec.ts", "TypeScript", 18, 0, 0, 0, 0, 0, 0, 0, 0, 0, 6, 24
"/Users/emirhaneyidogan/Projeler/unilocked-website/src/app/site/projects/projects.component.ts", "TypeScript", 12, 0, 0, 0, 0, 0, 0, 0, 0, 0, 7, 19
"/Users/emirhaneyidogan/Projeler/unilocked-website/src/app/site/projects/tabs/my-projects/my-projects.component.html", "HTML", 0, 0, 29, 0, 0, 0, 0, 0, 0, 0, 3, 32
"/Users/emirhaneyidogan/Projeler/unilocked-website/src/app/site/projects/tabs/my-projects/my-projects.component.scss", "SCSS", 0, 0, 0, 0, 5, 0, 0, 0, 0, 0, 2, 7
"/Users/emirhaneyidogan/Projeler/unilocked-website/src/app/site/projects/tabs/my-projects/my-projects.component.spec.ts", "TypeScript", 18, 0, 0, 0, 0, 0, 0, 0, 0, 0, 6, 24
"/Users/emirhaneyidogan/Projeler/unilocked-website/src/app/site/projects/tabs/my-projects/my-projects.component.ts", "TypeScript", 48, 0, 0, 0, 0, 0, 0, 0, 0, 0, 4, 52
"/Users/emirhaneyidogan/Projeler/unilocked-website/src/app/site/projects/tabs/projects-from-communities/projects-from-communities.component.html", "HTML", 0, 0, 26, 0, 0, 0, 0, 0, 0, 0, 1, 27
"/Users/emirhaneyidogan/Projeler/unilocked-website/src/app/site/projects/tabs/projects-from-communities/projects-from-communities.component.scss", "SCSS", 0, 0, 0, 0, 3, 0, 0, 0, 0, 0, 0, 3
"/Users/emirhaneyidogan/Projeler/unilocked-website/src/app/site/projects/tabs/projects-from-communities/projects-from-communities.component.spec.ts", "TypeScript", 18, 0, 0, 0, 0, 0, 0, 0, 0, 0, 6, 24
"/Users/emirhaneyidogan/Projeler/unilocked-website/src/app/site/projects/tabs/projects-from-communities/projects-from-communities.component.ts", "TypeScript", 49, 0, 0, 0, 0, 0, 0, 0, 0, 0, 6, 55
"/Users/emirhaneyidogan/Projeler/unilocked-website/src/app/site/projects/tabs/projects-from-friends/projects-from-friends.component.html", "HTML", 0, 0, 26, 0, 0, 0, 0, 0, 0, 0, 1, 27
"/Users/emirhaneyidogan/Projeler/unilocked-website/src/app/site/projects/tabs/projects-from-friends/projects-from-friends.component.scss", "SCSS", 0, 0, 0, 0, 3, 0, 0, 0, 0, 0, 0, 3
"/Users/emirhaneyidogan/Projeler/unilocked-website/src/app/site/projects/tabs/projects-from-friends/projects-from-friends.component.spec.ts", "TypeScript", 18, 0, 0, 0, 0, 0, 0, 0, 0, 0, 6, 24
"/Users/emirhaneyidogan/Projeler/unilocked-website/src/app/site/projects/tabs/projects-from-friends/projects-from-friends.component.ts", "TypeScript", 49, 0, 0, 0, 0, 0, 0, 0, 0, 0, 6, 55
"/Users/emirhaneyidogan/Projeler/unilocked-website/src/app/site/projects/tabs/projects-home/projects-home.component.html", "HTML", 0, 0, 26, 0, 0, 0, 0, 0, 0, 0, 1, 27
"/Users/emirhaneyidogan/Projeler/unilocked-website/src/app/site/projects/tabs/projects-home/projects-home.component.scss", "SCSS", 0, 0, 0, 0, 3, 0, 0, 0, 0, 0, 5, 8
"/Users/emirhaneyidogan/Projeler/unilocked-website/src/app/site/projects/tabs/projects-home/projects-home.component.spec.ts", "TypeScript", 18, 0, 0, 0, 0, 0, 0, 0, 0, 0, 6, 24
"/Users/emirhaneyidogan/Projeler/unilocked-website/src/app/site/projects/tabs/projects-home/projects-home.component.ts", "TypeScript", 48, 0, 0, 0, 0, 0, 0, 0, 0, 0, 4, 52
"/Users/emirhaneyidogan/Projeler/unilocked-website/src/app/site/saved/panels/saved-posts/saved-posts.component.html", "HTML", 0, 0, 5, 0, 0, 0, 0, 0, 0, 0, 1, 6
"/Users/emirhaneyidogan/Projeler/unilocked-website/src/app/site/saved/panels/saved-posts/saved-posts.component.scss", "SCSS", 0, 0, 0, 0, 18, 0, 0, 0, 0, 0, 4, 22
"/Users/emirhaneyidogan/Projeler/unilocked-website/src/app/site/saved/panels/saved-posts/saved-posts.component.spec.ts", "TypeScript", 18, 0, 0, 0, 0, 0, 0, 0, 0, 0, 6, 24
"/Users/emirhaneyidogan/Projeler/unilocked-website/src/app/site/saved/panels/saved-posts/saved-posts.component.ts", "TypeScript", 46, 0, 0, 0, 0, 0, 0, 0, 0, 0, 15, 61
"/Users/emirhaneyidogan/Projeler/unilocked-website/src/app/site/saved/saved.component.html", "HTML", 0, 0, 10, 0, 0, 0, 0, 0, 0, 0, 1, 11
"/Users/emirhaneyidogan/Projeler/unilocked-website/src/app/site/saved/saved.component.scss", "SCSS", 0, 0, 0, 0, 4, 0, 0, 0, 0, 0, 1, 5
"/Users/emirhaneyidogan/Projeler/unilocked-website/src/app/site/saved/saved.component.spec.ts", "TypeScript", 18, 0, 0, 0, 0, 0, 0, 0, 0, 0, 6, 24
"/Users/emirhaneyidogan/Projeler/unilocked-website/src/app/site/saved/saved.component.ts", "TypeScript", 43, 0, 0, 0, 0, 0, 0, 0, 0, 0, 14, 57
"/Users/emirhaneyidogan/Projeler/unilocked-website/src/app/site/school/school.component.html", "HTML", 0, 0, 615, 0, 0, 0, 0, 0, 0, 0, 11, 626
"/Users/emirhaneyidogan/Projeler/unilocked-website/src/app/site/school/school.component.scss", "SCSS", 0, 0, 0, 0, 402, 0, 0, 0, 0, 0, 46, 448
"/Users/emirhaneyidogan/Projeler/unilocked-website/src/app/site/school/school.component.spec.ts", "TypeScript", 18, 0, 0, 0, 0, 0, 0, 0, 0, 0, 6, 24
"/Users/emirhaneyidogan/Projeler/unilocked-website/src/app/site/school/school.component.ts", "TypeScript", 102, 0, 0, 0, 0, 0, 0, 0, 0, 0, 7, 109
"/Users/emirhaneyidogan/Projeler/unilocked-website/src/app/site/search-results/search-results.component.html", "HTML", 0, 0, 32, 0, 0, 0, 0, 0, 0, 0, 1, 33
"/Users/emirhaneyidogan/Projeler/unilocked-website/src/app/site/search-results/search-results.component.scss", "SCSS", 0, 0, 0, 0, 14, 0, 0, 0, 0, 1, 6, 21
"/Users/emirhaneyidogan/Projeler/unilocked-website/src/app/site/search-results/search-results.component.spec.ts", "TypeScript", 18, 0, 0, 0, 0, 0, 0, 0, 0, 0, 6, 24
"/Users/emirhaneyidogan/Projeler/unilocked-website/src/app/site/search-results/search-results.component.ts", "TypeScript", 33, 0, 0, 0, 0, 0, 0, 0, 0, 0, 12, 45
"/Users/emirhaneyidogan/Projeler/unilocked-website/src/app/site/search-results/tabs/search-communities/search-communities.component.html", "HTML", 0, 0, 20, 0, 0, 0, 0, 0, 0, 0, 1, 21
"/Users/emirhaneyidogan/Projeler/unilocked-website/src/app/site/search-results/tabs/search-communities/search-communities.component.scss", "SCSS", 0, 0, 0, 0, 36, 0, 0, 0, 0, 0, 0, 36
"/Users/emirhaneyidogan/Projeler/unilocked-website/src/app/site/search-results/tabs/search-communities/search-communities.component.spec.ts", "TypeScript", 18, 0, 0, 0, 0, 0, 0, 0, 0, 0, 6, 24
"/Users/emirhaneyidogan/Projeler/unilocked-website/src/app/site/search-results/tabs/search-communities/search-communities.component.ts", "TypeScript", 11, 0, 0, 0, 0, 0, 0, 0, 0, 0, 5, 16
"/Users/emirhaneyidogan/Projeler/unilocked-website/src/app/site/search-results/tabs/search-companies/search-companies.component.html", "HTML", 0, 0, 53, 0, 0, 0, 0, 0, 0, 1, 1, 55
"/Users/emirhaneyidogan/Projeler/unilocked-website/src/app/site/search-results/tabs/search-companies/search-companies.component.scss", "SCSS", 0, 0, 0, 0, 1, 0, 0, 0, 0, 0, 0, 1
"/Users/emirhaneyidogan/Projeler/unilocked-website/src/app/site/search-results/tabs/search-companies/search-companies.component.spec.ts", "TypeScript", 18, 0, 0, 0, 0, 0, 0, 0, 0, 0, 6, 24
"/Users/emirhaneyidogan/Projeler/unilocked-website/src/app/site/search-results/tabs/search-companies/search-companies.component.ts", "TypeScript", 11, 0, 0, 0, 0, 0, 0, 0, 0, 0, 5, 16
"/Users/emirhaneyidogan/Projeler/unilocked-website/src/app/site/search-results/tabs/search-events/search-events.component.html", "HTML", 0, 0, 24, 0, 0, 0, 0, 0, 0, 1, 1, 26
"/Users/emirhaneyidogan/Projeler/unilocked-website/src/app/site/search-results/tabs/search-events/search-events.component.scss", "SCSS", 0, 0, 0, 0, 1, 0, 0, 0, 0, 0, 0, 1
"/Users/emirhaneyidogan/Projeler/unilocked-website/src/app/site/search-results/tabs/search-events/search-events.component.spec.ts", "TypeScript", 18, 0, 0, 0, 0, 0, 0, 0, 0, 0, 6, 24
"/Users/emirhaneyidogan/Projeler/unilocked-website/src/app/site/search-results/tabs/search-events/search-events.component.ts", "TypeScript", 11, 0, 0, 0, 0, 0, 0, 0, 0, 0, 5, 16
"/Users/emirhaneyidogan/Projeler/unilocked-website/src/app/site/search-results/tabs/search-highlights/search-highlights.component.html", "HTML", 0, 0, 69, 0, 0, 0, 0, 0, 0, 1, 1, 71
"/Users/emirhaneyidogan/Projeler/unilocked-website/src/app/site/search-results/tabs/search-highlights/search-highlights.component.scss", "SCSS", 0, 0, 0, 0, 5, 0, 0, 0, 0, 0, 3, 8
"/Users/emirhaneyidogan/Projeler/unilocked-website/src/app/site/search-results/tabs/search-highlights/search-highlights.component.spec.ts", "TypeScript", 18, 0, 0, 0, 0, 0, 0, 0, 0, 0, 6, 24
"/Users/emirhaneyidogan/Projeler/unilocked-website/src/app/site/search-results/tabs/search-highlights/search-highlights.component.ts", "TypeScript", 11, 0, 0, 0, 0, 0, 0, 0, 0, 0, 5, 16
"/Users/emirhaneyidogan/Projeler/unilocked-website/src/app/site/search-results/tabs/search-people/search-people.component.html", "HTML", 0, 0, 73, 0, 0, 0, 0, 0, 0, 1, 1, 75
"/Users/emirhaneyidogan/Projeler/unilocked-website/src/app/site/search-results/tabs/search-people/search-people.component.scss", "SCSS", 0, 0, 0, 0, 21, 0, 0, 0, 0, 0, 3, 24
"/Users/emirhaneyidogan/Projeler/unilocked-website/src/app/site/search-results/tabs/search-people/search-people.component.spec.ts", "TypeScript", 18, 0, 0, 0, 0, 0, 0, 0, 0, 0, 6, 24
"/Users/emirhaneyidogan/Projeler/unilocked-website/src/app/site/search-results/tabs/search-people/search-people.component.ts", "TypeScript", 12, 0, 0, 0, 0, 0, 0, 0, 0, 0, 7, 19
"/Users/emirhaneyidogan/Projeler/unilocked-website/src/app/site/search-results/tabs/search-posts/search-posts.component.html", "HTML", 0, 0, 105, 0, 0, 0, 0, 0, 0, 1, 0, 106
"/Users/emirhaneyidogan/Projeler/unilocked-website/src/app/site/search-results/tabs/search-posts/search-posts.component.scss", "SCSS", 0, 0, 0, 0, 8, 0, 0, 0, 0, 0, 4, 12
"/Users/emirhaneyidogan/Projeler/unilocked-website/src/app/site/search-results/tabs/search-posts/search-posts.component.spec.ts", "TypeScript", 18, 0, 0, 0, 0, 0, 0, 0, 0, 0, 6, 24
"/Users/emirhaneyidogan/Projeler/unilocked-website/src/app/site/search-results/tabs/search-posts/search-posts.component.ts", "TypeScript", 18, 0, 0, 0, 0, 0, 0, 0, 0, 0, 6, 24
"/Users/emirhaneyidogan/Projeler/unilocked-website/src/app/site/search-results/tabs/search-projects/search-projects.component.html", "HTML", 0, 0, 176, 0, 0, 0, 0, 0, 0, 1, 0, 177
"/Users/emirhaneyidogan/Projeler/unilocked-website/src/app/site/search-results/tabs/search-projects/search-projects.component.scss", "SCSS", 0, 0, 0, 0, 278, 0, 0, 0, 0, 5, 39, 322
"/Users/emirhaneyidogan/Projeler/unilocked-website/src/app/site/search-results/tabs/search-projects/search-projects.component.spec.ts", "TypeScript", 18, 0, 0, 0, 0, 0, 0, 0, 0, 0, 6, 24
"/Users/emirhaneyidogan/Projeler/unilocked-website/src/app/site/search-results/tabs/search-projects/search-projects.component.ts", "TypeScript", 11, 0, 0, 0, 0, 0, 0, 0, 0, 0, 5, 16
"/Users/emirhaneyidogan/Projeler/unilocked-website/src/app/site/search-results/tabs/search-tab.scss", "SCSS", 0, 0, 0, 0, 96, 0, 0, 0, 0, 2, 12, 110
"/Users/emirhaneyidogan/Projeler/unilocked-website/src/app/site/site.module.ts", "TypeScript", 106, 0, 0, 0, 0, 0, 0, 0, 0, 0, 11, 117
"/Users/emirhaneyidogan/Projeler/unilocked-website/src/app/site/site.routing.module.ts", "TypeScript", 74, 0, 0, 0, 0, 0, 0, 0, 0, 0, 21, 95
"/Users/emirhaneyidogan/Projeler/unilocked-website/src/assets/css/bootstrap-grid.min.css", "CSS", 0, 0, 0, 0, 0, 1, 0, 0, 0, 6, 0, 7
"/Users/emirhaneyidogan/Projeler/unilocked-website/src/assets/css/plyr.css", "CSS", 0, 0, 0, 0, 0, 1, 0, 0, 0, 0, 0, 1
"/Users/emirhaneyidogan/Projeler/unilocked-website/src/assets/img/Subtract.svg", "XML", 0, 3, 0, 0, 0, 0, 0, 0, 0, 0, 1, 4
"/Users/emirhaneyidogan/Projeler/unilocked-website/src/assets/img/Subtract2.svg", "XML", 0, 3, 0, 0, 0, 0, 0, 0, 0, 0, 1, 4
"/Users/emirhaneyidogan/Projeler/unilocked-website/src/assets/img/earth.svg", "XML", 0, 1289, 0, 0, 0, 0, 0, 0, 0, 0, 1, 1290
"/Users/emirhaneyidogan/Projeler/unilocked-website/src/assets/img/google-logo.svg", "XML", 0, 1, 0, 0, 0, 0, 0, 0, 0, 0, 0, 1
"/Users/emirhaneyidogan/Projeler/unilocked-website/src/assets/img/halka_1.svg", "XML", 0, 25, 0, 0, 0, 0, 0, 0, 0, 1, 1, 27
"/Users/emirhaneyidogan/Projeler/unilocked-website/src/assets/img/ill-01.svg", "XML", 0, 1237, 0, 0, 0, 0, 0, 0, 0, 1, 2, 1240
"/Users/emirhaneyidogan/Projeler/unilocked-website/src/assets/img/ill-02.svg", "XML", 0, 878, 0, 0, 0, 0, 0, 0, 0, 0, 0, 878
"/Users/emirhaneyidogan/Projeler/unilocked-website/src/assets/img/ill-03.svg", "XML", 0, 5727, 0, 0, 0, 0, 0, 0, 0, 1, 2, 5730
"/Users/emirhaneyidogan/Projeler/unilocked-website/src/assets/img/menu-profile.svg", "XML", 0, 18, 0, 0, 0, 0, 0, 0, 0, 0, 1, 19
"/Users/emirhaneyidogan/Projeler/unilocked-website/src/assets/img/ps3.html", "HTML", 0, 0, 1, 0, 0, 0, 0, 0, 0, 0, 0, 1
"/Users/emirhaneyidogan/Projeler/unilocked-website/src/assets/js/plyr.min.js", "JavaScript", 0, 0, 0, 1, 0, 0, 0, 0, 0, 1, 1, 3
"/Users/emirhaneyidogan/Projeler/unilocked-website/src/assets/svg/settings_alert.svg", "XML", 0, 1, 0, 0, 0, 0, 0, 0, 0, 0, 0, 1
"/Users/emirhaneyidogan/Projeler/unilocked-website/src/common/_variables.scss", "SCSS", 0, 0, 0, 0, 128, 0, 0, 0, 0, 3, 4, 135
"/Users/emirhaneyidogan/Projeler/unilocked-website/src/common/animations.css", "CSS", 0, 0, 0, 0, 0, 11, 0, 0, 0, 0, 0, 11
"/Users/emirhaneyidogan/Projeler/unilocked-website/src/common/animations.scss", "SCSS", 0, 0, 0, 0, 44, 0, 0, 0, 0, 0, 1, 45
"/Users/emirhaneyidogan/Projeler/unilocked-website/src/common/auth/auth.module.ts", "TypeScript", 65, 0, 0, 0, 0, 0, 0, 0, 0, 0, 5, 70
"/Users/emirhaneyidogan/Projeler/unilocked-website/src/common/auth/auth.service.spec.ts", "TypeScript", 12, 0, 0, 0, 0, 0, 0, 0, 0, 0, 5, 17
"/Users/emirhaneyidogan/Projeler/unilocked-website/src/common/auth/auth.service.ts", "TypeScript", 94, 0, 0, 0, 0, 0, 0, 0, 0, 0, 13, 107
"/Users/emirhaneyidogan/Projeler/unilocked-website/src/common/auth/logged-in.service.ts", "TypeScript", 31, 0, 0, 0, 0, 0, 0, 0, 0, 0, 4, 35
"/Users/emirhaneyidogan/Projeler/unilocked-website/src/common/auth/login/login.component.html", "HTML", 0, 0, 51, 0, 0, 0, 0, 0, 0, 0, 16, 67
"/Users/emirhaneyidogan/Projeler/unilocked-website/src/common/auth/login/login.component.scss", "SCSS", 0, 0, 0, 0, 103, 0, 0, 0, 0, 0, 23, 126
"/Users/emirhaneyidogan/Projeler/unilocked-website/src/common/auth/login/login.component.spec.ts", "TypeScript", 18, 0, 0, 0, 0, 0, 0, 0, 0, 0, 6, 24
"/Users/emirhaneyidogan/Projeler/unilocked-website/src/common/auth/login/login.component.ts", "TypeScript", 90, 0, 0, 0, 0, 0, 0, 0, 0, 0, 21, 111
"/Users/emirhaneyidogan/Projeler/unilocked-website/src/common/auth/not-logged-in.service.ts", "TypeScript", 31, 0, 0, 0, 0, 0, 0, 0, 0, 0, 4, 35
"/Users/emirhaneyidogan/Projeler/unilocked-website/src/common/auth/register/register.component.html", "HTML", 0, 0, 290, 0, 0, 0, 0, 0, 0, 0, 10, 300
"/Users/emirhaneyidogan/Projeler/unilocked-website/src/common/auth/register/register.component.scss", "SCSS", 0, 0, 0, 0, 184, 0, 0, 0, 0, 2, 31, 217
"/Users/emirhaneyidogan/Projeler/unilocked-website/src/common/auth/register/register.component.spec.ts", "TypeScript", 18, 0, 0, 0, 0, 0, 0, 0, 0, 0, 6, 24
"/Users/emirhaneyidogan/Projeler/unilocked-website/src/common/auth/register/register.component.ts", "TypeScript", 103, 0, 0, 0, 0, 0, 0, 0, 0, 0, 9, 112
"/Users/emirhaneyidogan/Projeler/unilocked-website/src/common/auth/settings/main-settings/main-settings.component.css", "CSS", 0, 0, 0, 0, 0, 0, 0, 0, 0, 1, 0, 1
"/Users/emirhaneyidogan/Projeler/unilocked-website/src/common/auth/settings/main-settings/main-settings.component.html", "HTML", 0, 0, 10, 0, 0, 0, 0, 0, 0, 0, 3, 13
"/Users/emirhaneyidogan/Projeler/unilocked-website/src/common/auth/settings/main-settings/main-settings.component.scss", "SCSS", 0, 0, 0, 0, 0, 0, 0, 0, 0, 0, 1, 1
"/Users/emirhaneyidogan/Projeler/unilocked-website/src/common/auth/settings/main-settings/main-settings.component.spec.ts", "TypeScript", 18, 0, 0, 0, 0, 0, 0, 0, 0, 0, 6, 24
"/Users/emirhaneyidogan/Projeler/unilocked-website/src/common/auth/settings/main-settings/main-settings.component.ts", "TypeScript", 11, 0, 0, 0, 0, 0, 0, 0, 0, 0, 5, 16
"/Users/emirhaneyidogan/Projeler/unilocked-website/src/common/auth/settings/main-settings/panels/account-settings/account-settings.component.css", "CSS", 0, 0, 0, 0, 0, 3, 0, 0, 0, 0, 0, 3
"/Users/emirhaneyidogan/Projeler/unilocked-website/src/common/auth/settings/main-settings/panels/account-settings/account-settings.component.html", "HTML", 0, 0, 157, 0, 0, 0, 0, 0, 0, 0, 5, 162
"/Users/emirhaneyidogan/Projeler/unilocked-website/src/common/auth/settings/main-settings/panels/account-settings/account-settings.component.scss", "SCSS", 0, 0, 0, 0, 3, 0, 0, 0, 0, 0, 0, 3
"/Users/emirhaneyidogan/Projeler/unilocked-website/src/common/auth/settings/main-settings/panels/account-settings/account-settings.component.spec.ts", "TypeScript", 18, 0, 0, 0, 0, 0, 0, 0, 0, 0, 6, 24
"/Users/emirhaneyidogan/Projeler/unilocked-website/src/common/auth/settings/main-settings/panels/account-settings/account-settings.component.ts", "TypeScript", 37, 0, 0, 0, 0, 0, 0, 0, 0, 0, 15, 52
"/Users/emirhaneyidogan/Projeler/unilocked-website/src/common/auth/settings/main-settings/panels/notification-settings/notification-settings.component.css", "CSS", 0, 0, 0, 0, 0, 11, 0, 0, 0, 0, 2, 13
"/Users/emirhaneyidogan/Projeler/unilocked-website/src/common/auth/settings/main-settings/panels/notification-settings/notification-settings.component.html", "HTML", 0, 0, 455, 0, 0, 0, 0, 0, 0, 0, 49, 504
"/Users/emirhaneyidogan/Projeler/unilocked-website/src/common/auth/settings/main-settings/panels/notification-settings/notification-settings.component.scss", "SCSS", 0, 0, 0, 0, 11, 0, 0, 0, 0, 0, 3, 14
"/Users/emirhaneyidogan/Projeler/unilocked-website/src/common/auth/settings/main-settings/panels/notification-settings/notification-settings.component.spec.ts", "TypeScript", 18, 0, 0, 0, 0, 0, 0, 0, 0, 0, 6, 24
"/Users/emirhaneyidogan/Projeler/unilocked-website/src/common/auth/settings/main-settings/panels/notification-settings/notification-settings.component.ts", "TypeScript", 39, 0, 0, 0, 0, 0, 0, 0, 0, 0, 5, 44
"/Users/emirhaneyidogan/Projeler/unilocked-website/src/common/auth/settings/main-settings/panels/panel.css", "CSS", 0, 0, 0, 0, 0, 23, 0, 0, 0, 0, 1, 24
"/Users/emirhaneyidogan/Projeler/unilocked-website/src/common/auth/settings/main-settings/panels/panel.scss", "SCSS", 0, 0, 0, 0, 23, 0, 0, 0, 0, 0, 5, 28
"/Users/emirhaneyidogan/Projeler/unilocked-website/src/common/auth/settings/main-settings/panels/privacy-settings/privacy-settings.component.css", "CSS", 0, 0, 0, 0, 0, 0, 0, 0, 0, 1, 0, 1
"/Users/emirhaneyidogan/Projeler/unilocked-website/src/common/auth/settings/main-settings/panels/privacy-settings/privacy-settings.component.html", "HTML", 0, 0, 21, 0, 0, 0, 0, 0, 0, 0, 5, 26
"/Users/emirhaneyidogan/Projeler/unilocked-website/src/common/auth/settings/main-settings/panels/privacy-settings/privacy-settings.component.scss", "SCSS", 0, 0, 0, 0, 0, 0, 0, 0, 0, 0, 1, 1
"/Users/emirhaneyidogan/Projeler/unilocked-website/src/common/auth/settings/main-settings/panels/privacy-settings/privacy-settings.component.spec.ts", "TypeScript", 18, 0, 0, 0, 0, 0, 0, 0, 0, 0, 6, 24
"/Users/emirhaneyidogan/Projeler/unilocked-website/src/common/auth/settings/main-settings/panels/privacy-settings/privacy-settings.component.ts", "TypeScript", 11, 0, 0, 0, 0, 0, 0, 0, 0, 0, 5, 16
"/Users/emirhaneyidogan/Projeler/unilocked-website/src/common/auth/settings/main-settings/panels/security-settings/security-settings.component.css", "CSS", 0, 0, 0, 0, 0, 6, 0, 0, 0, 0, 1, 7
"/Users/emirhaneyidogan/Projeler/unilocked-website/src/common/auth/settings/main-settings/panels/security-settings/security-settings.component.html", "HTML", 0, 0, 33, 0, 0, 0, 0, 0, 0, 0, 3, 36
"/Users/emirhaneyidogan/Projeler/unilocked-website/src/common/auth/settings/main-settings/panels/security-settings/security-settings.component.scss", "SCSS", 0, 0, 0, 0, 6, 0, 0, 0, 0, 0, 1, 7
"/Users/emirhaneyidogan/Projeler/unilocked-website/src/common/auth/settings/main-settings/panels/security-settings/security-settings.component.spec.ts", "TypeScript", 18, 0, 0, 0, 0, 0, 0, 0, 0, 0, 6, 24
"/Users/emirhaneyidogan/Projeler/unilocked-website/src/common/auth/settings/main-settings/panels/security-settings/security-settings.component.ts", "TypeScript", 11, 0, 0, 0, 0, 0, 0, 0, 0, 0, 5, 16
"/Users/emirhaneyidogan/Projeler/unilocked-website/src/common/auth/settings/settings.service.spec.ts", "TypeScript", 12, 0, 0, 0, 0, 0, 0, 0, 0, 0, 5, 17
"/Users/emirhaneyidogan/Projeler/unilocked-website/src/common/auth/settings/settings.service.ts", "TypeScript", 14, 0, 0, 0, 0, 0, 0, 0, 0, 0, 4, 18
"/Users/emirhaneyidogan/Projeler/unilocked-website/src/common/auth/styles/auth.css", "CSS", 0, 0, 0, 0, 0, 93, 0, 0, 0, 0, 9, 102
"/Users/emirhaneyidogan/Projeler/unilocked-website/src/common/auth/styles/auth.scss", "SCSS", 0, 0, 0, 0, 95, 0, 0, 0, 0, 0, 20, 115
"/Users/emirhaneyidogan/Projeler/unilocked-website/src/common/auth/types/role.ts", "TypeScript", 14, 0, 0, 0, 0, 0, 0, 0, 0, 0, 1, 15
"/Users/emirhaneyidogan/Projeler/unilocked-website/src/common/auth/types/user.ts", "TypeScript", 21, 0, 0, 0, 0, 0, 0, 0, 0, 0, 9, 30
"/Users/emirhaneyidogan/Projeler/unilocked-website/src/common/common.module.ts", "TypeScript", 56, 0, 0, 0, 0, 0, 0, 0, 0, 0, 3, 59
"/Users/emirhaneyidogan/Projeler/unilocked-website/src/common/core/http/http-error-handler.service.spec.ts", "TypeScript", 12, 0, 0, 0, 0, 0, 0, 0, 0, 0, 5, 17
"/Users/emirhaneyidogan/Projeler/unilocked-website/src/common/core/http/http-error-handler.service.ts", "TypeScript", 28, 0, 0, 0, 0, 0, 0, 0, 0, 4, 10, 42
"/Users/emirhaneyidogan/Projeler/unilocked-website/src/common/core/http/http.module.ts", "TypeScript", 11, 0, 0, 0, 0, 0, 0, 0, 0, 0, 4, 15
"/Users/emirhaneyidogan/Projeler/unilocked-website/src/common/core/http/http.service.spec.ts", "TypeScript", 12, 0, 0, 0, 0, 0, 0, 0, 0, 0, 5, 17
"/Users/emirhaneyidogan/Projeler/unilocked-website/src/common/core/http/http.service.ts", "TypeScript", 102, 0, 0, 0, 0, 0, 0, 0, 0, 0, 14, 116
"/Users/emirhaneyidogan/Projeler/unilocked-website/src/common/core/http/standart-response.ts", "TypeScript", 4, 0, 0, 0, 0, 0, 0, 0, 0, 0, 1, 5
"/Users/emirhaneyidogan/Projeler/unilocked-website/src/common/core/pipes/date-ago.pipe.spec.ts", "TypeScript", 7, 0, 0, 0, 0, 0, 0, 0, 0, 0, 2, 9
"/Users/emirhaneyidogan/Projeler/unilocked-website/src/common/core/pipes/date-ago.pipe.ts", "TypeScript", 34, 0, 0, 0, 0, 0, 0, 0, 0, 1, 3, 38
"/Users/emirhaneyidogan/Projeler/unilocked-website/src/common/core/toast/toast/toast.module.ts", "TypeScript", 8, 0, 0, 0, 0, 0, 0, 0, 0, 0, 2, 10
"/Users/emirhaneyidogan/Projeler/unilocked-website/src/common/core/toast/toast/toast.service.spec.ts", "TypeScript", 12, 0, 0, 0, 0, 0, 0, 0, 0, 0, 5, 17
"/Users/emirhaneyidogan/Projeler/unilocked-website/src/common/core/toast/toast/toast.service.ts", "TypeScript", 11, 0, 0, 0, 0, 0, 0, 0, 0, 0, 5, 16
"/Users/emirhaneyidogan/Projeler/unilocked-website/src/common/core/translations/localizations.service.ts", "TypeScript", 29, 0, 0, 0, 0, 0, 0, 0, 0, 18, 9, 56
"/Users/emirhaneyidogan/Projeler/unilocked-website/src/common/core/translations/translate.directive.ts", "TypeScript", 73, 0, 0, 0, 0, 0, 0, 0, 0, 5, 15, 93
"/Users/emirhaneyidogan/Projeler/unilocked-website/src/common/core/translations/translate.pipe.ts", "TypeScript", 12, 0, 0, 0, 0, 0, 0, 0, 0, 0, 3, 15
"/Users/emirhaneyidogan/Projeler/unilocked-website/src/common/core/translations/translations.module.ts", "TypeScript", 14, 0, 0, 0, 0, 0, 0, 0, 0, 0, 2, 16
"/Users/emirhaneyidogan/Projeler/unilocked-website/src/common/core/translations/translations.service.ts", "TypeScript", 57, 0, 0, 0, 0, 0, 0, 0, 0, 5, 18, 80
"/Users/emirhaneyidogan/Projeler/unilocked-website/src/common/core/upload/upload.module.ts", "TypeScript", 9, 0, 0, 0, 0, 0, 0, 0, 0, 0, 4, 13
"/Users/emirhaneyidogan/Projeler/unilocked-website/src/common/core/upload/upload.service.spec.ts", "TypeScript", 12, 0, 0, 0, 0, 0, 0, 0, 0, 0, 5, 17
"/Users/emirhaneyidogan/Projeler/unilocked-website/src/common/core/upload/upload.service.ts", "TypeScript", 45, 0, 0, 0, 0, 0, 0, 0, 0, 3, 5, 53
"/Users/emirhaneyidogan/Projeler/unilocked-website/src/common/scss/_dark-vars.scss", "SCSS", 0, 0, 0, 0, 13, 0, 0, 0, 0, 4, 7, 24
"/Users/emirhaneyidogan/Projeler/unilocked-website/src/common/scss/_light-vars.scss", "SCSS", 0, 0, 0, 0, 13, 0, 0, 0, 0, 3, 8, 24
"/Users/emirhaneyidogan/Projeler/unilocked-website/src/common/ui/event-card/event-card.component.html", "HTML", 0, 0, 45, 0, 0, 0, 0, 0, 0, 0, 1, 46
"/Users/emirhaneyidogan/Projeler/unilocked-website/src/common/ui/event-card/event-card.component.scss", "SCSS", 0, 0, 0, 0, 174, 0, 0, 0, 0, 2, 18, 194
"/Users/emirhaneyidogan/Projeler/unilocked-website/src/common/ui/event-card/event-card.component.spec.ts", "TypeScript", 18, 0, 0, 0, 0, 0, 0, 0, 0, 0, 6, 24
"/Users/emirhaneyidogan/Projeler/unilocked-website/src/common/ui/event-card/event-card.component.ts", "TypeScript", 20, 0, 0, 0, 0, 0, 0, 0, 0, 0, 9, 29
"/Users/emirhaneyidogan/Projeler/unilocked-website/src/common/ui/info-card/info-card.component.css", "CSS", 0, 0, 0, 0, 0, 38, 0, 0, 0, 0, 0, 38
"/Users/emirhaneyidogan/Projeler/unilocked-website/src/common/ui/info-card/info-card.component.html", "HTML", 0, 0, 27, 0, 0, 0, 0, 0, 0, 0, 2, 29
"/Users/emirhaneyidogan/Projeler/unilocked-website/src/common/ui/info-card/info-card.component.scss", "SCSS", 0, 0, 0, 0, 38, 0, 0, 0, 0, 0, 9, 47
"/Users/emirhaneyidogan/Projeler/unilocked-website/src/common/ui/info-card/info-card.component.spec.ts", "TypeScript", 18, 0, 0, 0, 0, 0, 0, 0, 0, 0, 6, 24
"/Users/emirhaneyidogan/Projeler/unilocked-website/src/common/ui/info-card/info-card.component.ts", "TypeScript", 19, 0, 0, 0, 0, 0, 0, 0, 0, 0, 8, 27
"/Users/emirhaneyidogan/Projeler/unilocked-website/src/common/ui/login-box/login-box.component.css", "CSS", 0, 0, 0, 0, 0, 0, 0, 0, 0, 1, 0, 1
"/Users/emirhaneyidogan/Projeler/unilocked-website/src/common/ui/login-box/login-box.component.html", "HTML", 0, 0, 1, 0, 0, 0, 0, 0, 0, 0, 1, 2
"/Users/emirhaneyidogan/Projeler/unilocked-website/src/common/ui/login-box/login-box.component.scss", "SCSS", 0, 0, 0, 0, 0, 0, 0, 0, 0, 0, 1, 1
"/Users/emirhaneyidogan/Projeler/unilocked-website/src/common/ui/login-box/login-box.component.spec.ts", "TypeScript", 18, 0, 0, 0, 0, 0, 0, 0, 0, 0, 6, 24
"/Users/emirhaneyidogan/Projeler/unilocked-website/src/common/ui/login-box/login-box.component.ts", "TypeScript", 11, 0, 0, 0, 0, 0, 0, 0, 0, 0, 5, 16
"/Users/emirhaneyidogan/Projeler/unilocked-website/src/common/ui/logo/logo.component.css", "CSS", 0, 0, 0, 0, 0, 4, 0, 0, 0, 0, 0, 4
"/Users/emirhaneyidogan/Projeler/unilocked-website/src/common/ui/logo/logo.component.html", "HTML", 0, 0, 1, 0, 0, 0, 0, 0, 0, 0, 1, 2
"/Users/emirhaneyidogan/Projeler/unilocked-website/src/common/ui/logo/logo.component.scss", "SCSS", 0, 0, 0, 0, 4, 0, 0, 0, 0, 0, 6, 10
"/Users/emirhaneyidogan/Projeler/unilocked-website/src/common/ui/logo/logo.component.spec.ts", "TypeScript", 18, 0, 0, 0, 0, 0, 0, 0, 0, 0, 6, 24
"/Users/emirhaneyidogan/Projeler/unilocked-website/src/common/ui/logo/logo.component.ts", "TypeScript", 11, 0, 0, 0, 0, 0, 0, 0, 0, 0, 5, 16
"/Users/emirhaneyidogan/Projeler/unilocked-website/src/common/ui/navbar/admin-navbar/admin-navbar.component.html", "HTML", 0, 0, 78, 0, 0, 0, 0, 0, 0, 0, 8, 86
"/Users/emirhaneyidogan/Projeler/unilocked-website/src/common/ui/navbar/admin-navbar/admin-navbar.component.scss", "SCSS", 0, 0, 0, 0, 183, 0, 0, 0, 0, 8, 29, 220
"/Users/emirhaneyidogan/Projeler/unilocked-website/src/common/ui/navbar/admin-navbar/admin-navbar.component.spec.ts", "TypeScript", 18, 0, 0, 0, 0, 0, 0, 0, 0, 0, 6, 24
"/Users/emirhaneyidogan/Projeler/unilocked-website/src/common/ui/navbar/admin-navbar/admin-navbar.component.ts", "TypeScript", 53, 0, 0, 0, 0, 0, 0, 0, 0, 0, 10, 63
"/Users/emirhaneyidogan/Projeler/unilocked-website/src/common/ui/navbar/guest-navbar/guest-navbar.component.css", "CSS", 0, 0, 0, 0, 0, 64, 0, 0, 0, 0, 9, 73
"/Users/emirhaneyidogan/Projeler/unilocked-website/src/common/ui/navbar/guest-navbar/guest-navbar.component.html", "HTML", 0, 0, 10, 0, 0, 0, 0, 0, 0, 0, 6, 16
"/Users/emirhaneyidogan/Projeler/unilocked-website/src/common/ui/navbar/guest-navbar/guest-navbar.component.scss", "SCSS", 0, 0, 0, 0, 62, 0, 0, 0, 0, 0, 26, 88
"/Users/emirhaneyidogan/Projeler/unilocked-website/src/common/ui/navbar/guest-navbar/guest-navbar.component.spec.ts", "TypeScript", 18, 0, 0, 0, 0, 0, 0, 0, 0, 0, 6, 24
"/Users/emirhaneyidogan/Projeler/unilocked-website/src/common/ui/navbar/guest-navbar/guest-navbar.component.ts", "TypeScript", 11, 0, 0, 0, 0, 0, 0, 0, 0, 0, 5, 16
"/Users/emirhaneyidogan/Projeler/unilocked-website/src/common/ui/navbar/navbar.component.html", "HTML", 0, 0, 10, 0, 0, 0, 0, 0, 0, 0, 1, 11
"/Users/emirhaneyidogan/Projeler/unilocked-website/src/common/ui/navbar/navbar.component.ts", "TypeScript", 16, 0, 0, 0, 0, 0, 0, 0, 0, 0, 8, 24
"/Users/emirhaneyidogan/Projeler/unilocked-website/src/common/ui/navbar/user-navbar/user-navbar.component.html", "HTML", 0, 0, 74, 0, 0, 0, 0, 0, 0, 0, 5, 79
"/Users/emirhaneyidogan/Projeler/unilocked-website/src/common/ui/navbar/user-navbar/user-navbar.component.scss", "SCSS", 0, 0, 0, 0, 128, 0, 0, 0, 0, 8, 23, 159
"/Users/emirhaneyidogan/Projeler/unilocked-website/src/common/ui/navbar/user-navbar/user-navbar.component.spec.ts", "TypeScript", 18, 0, 0, 0, 0, 0, 0, 0, 0, 0, 6, 24
"/Users/emirhaneyidogan/Projeler/unilocked-website/src/common/ui/navbar/user-navbar/user-navbar.component.ts", "TypeScript", 53, 0, 0, 0, 0, 0, 0, 0, 0, 0, 10, 63
"/Users/emirhaneyidogan/Projeler/unilocked-website/src/common/ui/slider/slider-item/slider-item.component.css", "CSS", 0, 0, 0, 0, 0, 18, 0, 0, 0, 0, 0, 18
"/Users/emirhaneyidogan/Projeler/unilocked-website/src/common/ui/slider/slider-item/slider-item.component.html", "HTML", 0, 0, 1, 0, 0, 0, 0, 0, 0, 0, 0, 1
"/Users/emirhaneyidogan/Projeler/unilocked-website/src/common/ui/slider/slider-item/slider-item.component.scss", "SCSS", 0, 0, 0, 0, 14, 0, 0, 0, 0, 0, 3, 17
"/Users/emirhaneyidogan/Projeler/unilocked-website/src/common/ui/slider/slider-item/slider-item.component.spec.ts", "TypeScript", 18, 0, 0, 0, 0, 0, 0, 0, 0, 0, 6, 24
"/Users/emirhaneyidogan/Projeler/unilocked-website/src/common/ui/slider/slider-item/slider-item.component.ts", "TypeScript", 11, 0, 0, 0, 0, 0, 0, 0, 0, 0, 5, 16
"/Users/emirhaneyidogan/Projeler/unilocked-website/src/common/ui/slider/slider.component.css", "CSS", 0, 0, 0, 0, 0, 12, 0, 0, 0, 0, 0, 12
"/Users/emirhaneyidogan/Projeler/unilocked-website/src/common/ui/slider/slider.component.html", "HTML", 0, 0, 9, 0, 0, 0, 0, 0, 0, 0, 1, 10
"/Users/emirhaneyidogan/Projeler/unilocked-website/src/common/ui/slider/slider.component.scss", "SCSS", 0, 0, 0, 0, 12, 0, 0, 0, 0, 0, 2, 14
"/Users/emirhaneyidogan/Projeler/unilocked-website/src/common/ui/slider/slider.component.spec.ts", "TypeScript", 18, 0, 0, 0, 0, 0, 0, 0, 0, 0, 6, 24
"/Users/emirhaneyidogan/Projeler/unilocked-website/src/common/ui/slider/slider.component.ts", "TypeScript", 11, 0, 0, 0, 0, 0, 0, 0, 0, 0, 5, 16
"/Users/emirhaneyidogan/Projeler/unilocked-website/src/common/ui/theming/app-theme.service.spec.ts", "TypeScript", 12, 0, 0, 0, 0, 0, 0, 0, 0, 0, 5, 17
"/Users/emirhaneyidogan/Projeler/unilocked-website/src/common/ui/theming/app-theme.service.ts", "TypeScript", 32, 0, 0, 0, 0, 0, 0, 0, 0, 0, 11, 43
"/Users/emirhaneyidogan/Projeler/unilocked-website/src/environments/environment.prod.ts", "TypeScript", 3, 0, 0, 0, 0, 0, 0, 0, 0, 0, 1, 4
"/Users/emirhaneyidogan/Projeler/unilocked-website/src/environments/environment.ts", "TypeScript", 3, 0, 0, 0, 0, 0, 0, 0, 0, 11, 3, 17
"/Users/emirhaneyidogan/Projeler/unilocked-website/src/index.html", "HTML", 0, 0, 18, 0, 0, 0, 0, 0, 0, 0, 3, 21
"/Users/emirhaneyidogan/Projeler/unilocked-website/src/main.ts", "TypeScript", 9, 0, 0, 0, 0, 0, 0, 0, 0, 0, 4, 13
"/Users/emirhaneyidogan/Projeler/unilocked-website/src/polyfills.ts", "TypeScript", 1, 0, 0, 0, 0, 0, 0, 0, 0, 47, 6, 54
"/Users/emirhaneyidogan/Projeler/unilocked-website/src/styles.scss", "SCSS", 0, 0, 0, 0, 127, 0, 0, 0, 0, 18, 41, 186
"/Users/emirhaneyidogan/Projeler/unilocked-website/src/test.ts", "TypeScript", 10, 0, 0, 0, 0, 0, 0, 0, 0, 2, 3, 15
"/Users/emirhaneyidogan/Projeler/unilocked-website/tsconfig.app.json", "JSON", 0, 0, 0, 0, 0, 0, 14, 0, 0, 1, 2, 17
"/Users/emirhaneyidogan/Projeler/unilocked-website/tsconfig.json", "JSON with Comments", 0, 0, 0, 0, 0, 0, 0, 28, 0, 15, 0, 43
"/Users/emirhaneyidogan/Projeler/unilocked-website/tsconfig.spec.json", "JSON", 0, 0, 0, 0, 0, 0, 17, 0, 0, 1, 1, 19
"Total", "-", 6225, 9182, 12375, 38, 9621, 285, 12306, 28, 14, 271, 3282, 53627